"method","bound_type","T","lower","upper","tau_hat","treated_mean","observed_control_mean","control_mean_min","control_mean_max","max_gain","min_gain","moved_mass_max","moved_mass_min","n_treated","n_control","status"
"RGM-sharp","finite_sample_sharp",0,2.09257902777209,2.09257902777209,2.09257902777209,1.22218794901373,-0.870391078758363,-0.870391078758363,-0.870391078758363,0,0,0,0,234,873,"T_equals_0_or_single_support_point | T_equals_0_or_single_support_point"
"RGM-sharp","finite_sample_sharp",0.05,1.8305633113054,2.31382628676481,2.09257902777209,1.22218794901373,-0.870391078758363,-1.09163833775109,-0.608375362291677,0.262015716466685,0.221247258992725,0.05,0.05,234,873,"sharp_greedy_transport_solution | sharp_greedy_transport_solution"
"RGM-sharp","finite_sample_sharp",0.1,1.56854759483872,2.48560201853412,2.09257902777209,1.22218794901373,-0.870391078758363,-1.2634140695204,-0.346359645824992,0.524031432933371,0.393022990762035,0.1,0.1,234,873,"sharp_greedy_transport_solution | sharp_greedy_transport_solution"
"RGM-sharp","finite_sample_sharp",0.15,1.30653187837203,2.63240822926445,2.09257902777209,1.22218794901373,-0.870391078758363,-1.41022028025073,-0.0843439293583064,0.786047149400056,0.539829201492365,0.15,0.15,234,873,"sharp_greedy_transport_solution | sharp_greedy_transport_solution"
"RGM-sharp","finite_sample_sharp",0.2,1.04451616190535,2.75708598913688,2.09257902777209,1.22218794901373,-0.870391078758363,-1.53489804012316,0.17767178710838,1.04806286586674,0.664506961364795,0.2,0.2,234,873,"sharp_greedy_transport_solution | sharp_greedy_transport_solution"
"RGM-sharp","finite_sample_sharp",0.25,0.799354139338697,2.86711170092132,2.09257902777209,1.22218794901373,-0.870391078758363,-1.6449237519076,0.422833809675029,1.29322488843339,0.774532673149233,0.25,0.25,234,873,"sharp_greedy_transport_solution | sharp_greedy_transport_solution"
"RGM-sharp","finite_sample_sharp",0.3,0.571019193323738,2.96948966073923,2.09257902777209,1.22218794901373,-0.870391078758363,-1.7473017117255,0.651168755689988,1.52155983444835,0.87691063296714,0.3,0.3,234,873,"sharp_greedy_transport_solution | sharp_greedy_transport_solution"
"RGM-sharp","finite_sample_sharp",0.35,0.348070766186993,3.06255986208008,2.09257902777209,1.22218794901373,-0.870391078758363,-1.84037191306636,0.874117182826734,1.7445082615851,0.969980834307995,0.35,0.35,234,873,"sharp_greedy_transport_solution | sharp_greedy_transport_solution"
"RGM-sharp","finite_sample_sharp",0.355,0.326306820894032,3.07117219220244,2.09257902777209,1.22218794901373,-0.870391078758363,-1.84898424318871,0.895881128119694,1.76627220687806,0.97859316443035,0.355,0.355,234,873,"sharp_greedy_transport_solution | sharp_greedy_transport_solution"
"RGM-sharp","finite_sample_sharp",0.36,0.304542875601072,3.07970708494135,2.09257902777209,1.22218794901373,-0.870391078758363,-1.85751913592762,0.917645073412655,1.78803615217102,0.987128057169262,0.36,0.36,234,873,"sharp_greedy_transport_solution | sharp_greedy_transport_solution"
"RGM-sharp","finite_sample_sharp",0.365,0.282778930308111,3.08819138322413,2.09257902777209,1.22218794901373,-0.870391078758363,-1.8660034342104,0.939409018705616,1.80980009746398,0.995612355452036,0.365,0.365,234,873,"sharp_greedy_transport_solution | sharp_greedy_transport_solution"
"RGM-sharp","finite_sample_sharp",0.37,0.261181825293327,3.09658174274969,2.09257902777209,1.22218794901373,-0.870391078758363,-1.87439379373596,0.961006123720399,1.83139720247876,1.0040027149776,0.37,0.37,234,873,"sharp_greedy_transport_solution | sharp_greedy_transport_solution"
"RGM-sharp","finite_sample_sharp",0.375,0.239610250739439,3.10496182427721,2.09257902777209,1.22218794901373,-0.870391078758363,-1.88277387526349,0.982577698274287,1.85296877703265,1.01238279650512,0.375,0.375,234,873,"sharp_greedy_transport_solution | sharp_greedy_transport_solution"
"RGM-sharp","finite_sample_sharp",0.38,0.218092838119825,3.11318554643098,2.09257902777209,1.22218794901373,-0.870391078758363,-1.89099759741725,1.0040951108939,1.87448618965226,1.02060651865889,0.38,0.38,234,873,"sharp_greedy_transport_solution | sharp_greedy_transport_solution"
"RGM-sharp","finite_sample_sharp",0.385,0.196810430509846,3.12134688750848,2.09257902777209,1.22218794901373,-0.870391078758363,-1.89915893849475,1.02537751850388,1.89576859726224,1.02876785973639,0.385,0.385,234,873,"sharp_greedy_transport_solution | sharp_greedy_transport_solution"
"RGM-sharp","finite_sample_sharp",0.39,0.175632816409647,3.12948038538714,2.09257902777209,1.22218794901373,-0.870391078758363,-1.90729243637341,1.04655513260408,1.91694621136244,1.03690135761505,0.39,0.39,234,873,"sharp_greedy_transport_solution | sharp_greedy_transport_solution"
"RGM-sharp","finite_sample_sharp",0.395,0.154609364311632,3.13752443160051,2.09257902777209,1.22218794901373,-0.870391078758363,-1.91533648258679,1.06757858470209,1.93796966346046,1.04494540382842,0.395,0.395,234,873,"sharp_greedy_transport_solution | sharp_greedy_transport_solution"
"RGM-sharp","finite_sample_sharp",0.4,0.133585912213617,3.14556847781389,2.09257902777209,1.22218794901373,-0.870391078758363,-1.92338052880016,1.08860203680011,1.95899311555847,1.0529894500418,0.4,0.4,234,873,"sharp_greedy_transport_solution | sharp_greedy_transport_solution"
"RGM-sharp","finite_sample_sharp",0.405,0.112711701267437,3.15350314840474,2.09257902777209,1.22218794901373,-0.870391078758363,-1.93131519939101,1.10947624774629,1.97986732650465,1.06092412063265,0.405,0.405,234,873,"sharp_greedy_transport_solution | sharp_greedy_transport_solution"
"RGM-sharp","finite_sample_sharp",0.41,0.0918620762602251,3.16142796090834,2.09257902777209,1.22218794901373,-0.870391078758363,-1.93924001189462,1.1303258727535,2.00071695151186,1.06884893313626,0.41,0.41,234,873,"sharp_greedy_transport_solution | sharp_greedy_transport_solution"
"RGM-sharp","finite_sample_sharp",0.415,0.0710124512530133,3.16935277341195,2.09257902777209,1.22218794901373,-0.870391078758363,-1.94716482439822,1.15117549776071,2.02156657651908,1.07677374563986,0.415,0.415,234,873,"sharp_greedy_transport_solution | sharp_greedy_transport_solution"
"RGM-sharp","finite_sample_sharp",0.42,0.0501628262458018,3.17717571441257,2.09257902777209,1.22218794901373,-0.870391078758363,-1.95498776539884,1.17202512276792,2.04241620152629,1.08459668664048,0.42,0.42,234,873,"sharp_greedy_transport_solution | sharp_greedy_transport_solution"
"RGM-sharp","finite_sample_sharp",0.425,0.0293132012385904,3.18497928918494,2.09257902777209,1.22218794901373,-0.870391078758363,-1.96279134017121,1.19287474777514,2.0632658265335,1.09240026141285,0.425,0.425,234,873,"sharp_greedy_transport_solution | sharp_greedy_transport_solution"
"RGM-sharp","finite_sample_sharp",0.43,0.0084635762313785,3.19277155227783,2.09257902777209,1.22218794901373,-0.870391078758363,-1.9705836032641,1.21372437278235,2.08411545154071,1.10019252450574,0.43,0.43,234,873,"sharp_greedy_transport_solution | sharp_greedy_transport_solution"
"RGM-sharp","finite_sample_sharp",0.435,-0.0122774971205675,3.20045181677903,2.09257902777209,1.22218794901373,-0.870391078758363,-1.9782638677653,1.23446544613429,2.10485652489266,1.10787278900694,0.435,0.435,234,873,"sharp_greedy_transport_solution | sharp_greedy_transport_solution"
"RGM-sharp","finite_sample_sharp",0.44,-0.0329573854681624,3.20807425437127,2.09257902777209,1.22218794901373,-0.870391078758363,-1.98588630535755,1.25514533448189,2.12553641324025,1.11549522659918,0.44,0.44,234,873,"sharp_greedy_transport_solution | sharp_greedy_transport_solution"
"RGM-sharp","finite_sample_sharp",0.445,-0.0536372738157573,3.21562906396766,2.09257902777209,1.22218794901373,-0.870391078758363,-1.99344111495393,1.27582522282948,2.14621630158785,1.12305003619557,0.445,0.445,234,873,"sharp_greedy_transport_solution | sharp_greedy_transport_solution"
"RGM-sharp","finite_sample_sharp",0.45,-0.0743171621633523,3.22306760363919,2.09257902777209,1.22218794901373,-0.870391078758363,-2.00087965462547,1.29650511117708,2.16689618993544,1.13048857586711,0.45,0.45,234,873,"sharp_greedy_transport_solution | sharp_greedy_transport_solution"
"RGM-sharp","finite_sample_sharp",0.5,-0.276083998059817,3.29262190506613,2.09257902777209,1.22218794901373,-0.870391078758363,-2.07043395605241,1.49827194707354,2.36866302583191,1.20004287729404,0.5,0.5,234,873,"sharp_greedy_transport_solution | sharp_greedy_transport_solution"
"RGM-sharp","finite_sample_sharp",0.55,-0.468545413099561,3.35287078563635,2.09257902777209,1.22218794901373,-0.870391078758363,-2.13068283662263,1.69073336211329,2.56112444087165,1.26029175786427,0.55,0.55,234,873,"sharp_greedy_transport_solution | sharp_greedy_transport_solution"
"RGM-sharp","finite_sample_sharp",0.6,-0.653062003740942,3.40698342772607,2.09257902777209,1.22218794901373,-0.870391078758363,-2.18479547871234,1.87524995275467,2.74564103151303,1.31440439995398,0.6,0.6,234,873,"sharp_greedy_transport_solution | sharp_greedy_transport_solution"
"RGM-sharp","finite_sample_sharp",0.65,-0.832069104473822,3.45451429021938,2.09257902777209,1.22218794901373,-0.870391078758363,-2.23232634120566,2.05425705348755,2.92464813224591,1.36193526244729,0.65,0.65,234,873,"sharp_greedy_transport_solution | sharp_greedy_transport_solution"
"RGM-sharp","finite_sample_sharp",0.7,-1.00101461959965,3.49358157954932,2.09257902777209,1.22218794901373,-0.870391078758363,-2.2713936305356,2.22320256861338,3.09359364737174,1.40100255177724,0.7,0.7,234,873,"sharp_greedy_transport_solution | sharp_greedy_transport_solution"
"RGM-sharp","finite_sample_sharp",0.75,-1.16065237624843,3.52726235000105,2.09257902777209,1.22218794901373,-0.870391078758363,-2.30507440098733,2.38284032526215,3.25323140402052,1.43468332222896,0.75,0.75,234,873,"sharp_greedy_transport_solution | sharp_greedy_transport_solution"
"RGM-sharp","finite_sample_sharp",0.8,-1.31264238093067,3.54411604390109,2.09257902777209,1.22218794901373,-0.870391078758363,-2.32192809488736,2.5348303299444,3.40522140870276,1.451537016129,0.8,0.78192758605171,234,873,"sharp_greedy_transport_solution | sharp_greedy_transport_solution"
"RGM-sharp","finite_sample_sharp",0.85,-1.44998033752493,3.54411604390109,2.09257902777209,1.22218794901373,-0.870391078758363,-2.32192809488736,2.67216828653866,3.54255936529702,1.451537016129,0.85,0.78192758605171,234,873,"sharp_greedy_transport_solution | sharp_greedy_transport_solution"
"RGM-sharp","finite_sample_sharp",0.9,-1.56518984326129,3.54411604390109,2.09257902777209,1.22218794901373,-0.870391078758363,-2.32192809488736,2.78737779227501,3.65776887103338,1.451537016129,0.9,0.78192758605171,234,873,"sharp_greedy_transport_solution | sharp_greedy_transport_solution"
"RGM-sharp","finite_sample_sharp",0.95,-1.65542982795866,3.54411604390109,2.09257902777209,1.22218794901373,-0.870391078758363,-2.32192809488736,2.87761777697239,3.74800885573075,1.451537016129,0.95,0.78192758605171,234,873,"sharp_greedy_transport_solution | sharp_greedy_transport_solution"
"RGM-sharp","finite_sample_sharp",1,-1.69619828543262,3.54411604390109,2.09257902777209,1.22218794901373,-0.870391078758363,-2.32192809488736,2.91838623444635,3.78877731320471,1.451537016129,0.996080926641411,0.78192758605171,234,873,"sharp_greedy_transport_solution | sharp_greedy_transport_solution"
