"stage","R2","lower","upper","n_valid","B","bootstrap_pool","dataset_id","dataset_label"
"coarse",0,0.697635093003505,1.09050886381877,80,80,"stage_specific_coarse","hidden_h0_none","H0: no hidden confounding"
"coarse",0.1,0.489556579910416,1.27850976340351,80,80,"stage_specific_coarse","hidden_h0_none","H0: no hidden confounding"
"coarse",0.2,0.369550601041681,1.40925208756939,80,80,"stage_specific_coarse","hidden_h0_none","H0: no hidden confounding"
"coarse",0.3,0.241056674344468,1.5072904406343,80,80,"stage_specific_coarse","hidden_h0_none","H0: no hidden confounding"
"coarse",0.4,0.128013343367872,1.60942694646664,80,80,"stage_specific_coarse","hidden_h0_none","H0: no hidden confounding"
"coarse",0.5,0.00251565021423159,1.72523305750902,80,80,"stage_specific_coarse","hidden_h0_none","H0: no hidden confounding"
"coarse",0.6,-0.179304984177551,1.88182785915229,80,80,"stage_specific_coarse","hidden_h0_none","H0: no hidden confounding"
"coarse",0.7,-0.424257035109961,2.10683640595867,80,80,"stage_specific_coarse","hidden_h0_none","H0: no hidden confounding"
"coarse",0.8,-0.806493397538334,2.46320730966833,80,80,"stage_specific_coarse","hidden_h0_none","H0: no hidden confounding"
"coarse",0.9,-1.66036191044946,3.23895873199625,80,80,"stage_specific_coarse","hidden_h0_none","H0: no hidden confounding"
"fine",0.52,-0.0881933544384964,1.9157485976477,120,120,"stage_specific_fine","hidden_h0_none","H0: no hidden confounding"
"fine",0.54,-0.126567177875854,1.95386876617813,120,120,"stage_specific_fine","hidden_h0_none","H0: no hidden confounding"
"fine",0.56,-0.166776725495002,1.99381252456532,120,120,"stage_specific_fine","hidden_h0_none","H0: no hidden confounding"
"fine",0.58,-0.209063084157871,2.03581936606231,120,120,"stage_specific_fine","hidden_h0_none","H0: no hidden confounding"
"fine",0.6,-0.253705900865954,2.08016708917527,120,120,"stage_specific_fine","hidden_h0_none","H0: no hidden confounding"
"fine",0.62,-0.301032662195362,2.12718101576044,120,120,"stage_specific_fine","hidden_h0_none","H0: no hidden confounding"
"fine",0.64,-0.351430711594812,2.17724592888666,120,120,"stage_specific_fine","hidden_h0_none","H0: no hidden confounding"
"fine",0.66,-0.405363042637554,2.23082176169218,120,120,"stage_specific_fine","hidden_h0_none","H0: no hidden confounding"
"fine",0.68,-0.463389383053416,2.28846454204915,120,120,"stage_specific_fine","hidden_h0_none","H0: no hidden confounding"
"coarse",0,0.724303567019587,1.12405226050065,80,80,"stage_specific_coarse","hidden_h1_tiny","H1: tiny hidden variable"
"coarse",0.1,0.608840402940487,1.28981526325744,80,80,"stage_specific_coarse","hidden_h1_tiny","H1: tiny hidden variable"
"coarse",0.2,0.553916252748565,1.38021666305883,80,80,"stage_specific_coarse","hidden_h1_tiny","H1: tiny hidden variable"
"coarse",0.3,0.47358660766883,1.46525515206191,80,80,"stage_specific_coarse","hidden_h1_tiny","H1: tiny hidden variable"
"coarse",0.4,0.388560738327607,1.55689043087396,80,80,"stage_specific_coarse","hidden_h1_tiny","H1: tiny hidden variable"
"coarse",0.5,0.276826760873338,1.66798883159827,80,80,"stage_specific_coarse","hidden_h1_tiny","H1: tiny hidden variable"
"coarse",0.6,0.118701150230919,1.80468983195607,80,80,"stage_specific_coarse","hidden_h1_tiny","H1: tiny hidden variable"
"coarse",0.7,-0.0327382009929518,1.99988064837798,80,80,"stage_specific_coarse","hidden_h1_tiny","H1: tiny hidden variable"
"coarse",0.8,-0.330533408605311,2.31754071438094,80,80,"stage_specific_coarse","hidden_h1_tiny","H1: tiny hidden variable"
"coarse",0.9,-0.992551939351874,2.9795592451275,80,80,"stage_specific_coarse","hidden_h1_tiny","H1: tiny hidden variable"
"fine",0.62,0.0480590353747717,1.98221504262642,120,120,"stage_specific_fine","hidden_h1_tiny","H1: tiny hidden variable"
"fine",0.64,0.00843074164168489,2.01682330003477,120,120,"stage_specific_fine","hidden_h1_tiny","H1: tiny hidden variable"
"fine",0.66,-0.0339765793110024,2.05385854281898,120,120,"stage_specific_fine","hidden_h1_tiny","H1: tiny hidden variable"
"fine",0.68,-0.0724561848920798,2.09370513508806,120,120,"stage_specific_fine","hidden_h1_tiny","H1: tiny hidden variable"
"fine",0.7,-0.111870114225601,2.1368335299575,120,120,"stage_specific_fine","hidden_h1_tiny","H1: tiny hidden variable"
"fine",0.72,-0.154816674484526,2.18382747957002,120,120,"stage_specific_fine","hidden_h1_tiny","H1: tiny hidden variable"
"fine",0.74,-0.201968030536137,2.23542249526144,120,120,"stage_specific_fine","hidden_h1_tiny","H1: tiny hidden variable"
"fine",0.76,-0.254185918618189,2.29256152540973,120,120,"stage_specific_fine","hidden_h1_tiny","H1: tiny hidden variable"
"fine",0.78,-0.312597353480622,2.35647779740383,120,120,"stage_specific_fine","hidden_h1_tiny","H1: tiny hidden variable"
"coarse",0,0.755652997981971,1.08543029226456,80,80,"stage_specific_coarse","hidden_h2_weak","H2: weak hidden variable"
"coarse",0.1,0.530984648589323,1.27720948140749,80,80,"stage_specific_coarse","hidden_h2_weak","H2: weak hidden variable"
"coarse",0.2,0.384136124762866,1.38169479021429,80,80,"stage_specific_coarse","hidden_h2_weak","H2: weak hidden variable"
"coarse",0.3,0.27694661856753,1.49158769815551,80,80,"stage_specific_coarse","hidden_h2_weak","H2: weak hidden variable"
"coarse",0.4,0.165131919787821,1.58679719093121,80,80,"stage_specific_coarse","hidden_h2_weak","H2: weak hidden variable"
"coarse",0.5,0.0383523191197821,1.71896779096257,80,80,"stage_specific_coarse","hidden_h2_weak","H2: weak hidden variable"
"coarse",0.6,-0.116920346595472,1.90236875141143,80,80,"stage_specific_coarse","hidden_h2_weak","H2: weak hidden variable"
"coarse",0.7,-0.339412903304811,2.14852524371581,80,80,"stage_specific_coarse","hidden_h2_weak","H2: weak hidden variable"
"coarse",0.8,-0.679544911479953,2.5326410812783,80,80,"stage_specific_coarse","hidden_h2_weak","H2: weak hidden variable"
"coarse",0.9,-1.44738284255964,3.3456280666056,80,80,"stage_specific_coarse","hidden_h2_weak","H2: weak hidden variable"
"fine",0.52,0.0221509660094967,1.86156763643491,120,120,"stage_specific_fine","hidden_h2_weak","H2: weak hidden variable"
"fine",0.54,-0.00973884285096934,1.8919346699392,120,120,"stage_specific_fine","hidden_h2_weak","H2: weak hidden variable"
"fine",0.56,-0.0431541940742755,1.92375439938932,120,120,"stage_specific_fine","hidden_h2_weak","H2: weak hidden variable"
"fine",0.58,-0.0782954381404381,1.9572045276663,120,120,"stage_specific_fine","hidden_h2_weak","H2: weak hidden variable"
"fine",0.6,-0.115394970172674,1.99246167411223,120,120,"stage_specific_fine","hidden_h2_weak","H2: weak hidden variable"
"fine",0.62,-0.154724941428821,2.02983849479792,120,120,"stage_specific_fine","hidden_h2_weak","H2: weak hidden variable"
"fine",0.64,-0.196607246039734,2.06964089839365,120,120,"stage_specific_fine","hidden_h2_weak","H2: weak hidden variable"
"fine",0.66,-0.2414266456797,2.11531068191878,120,120,"stage_specific_fine","hidden_h2_weak","H2: weak hidden variable"
"fine",0.68,-0.289648291035288,2.16693086613112,120,120,"stage_specific_fine","hidden_h2_weak","H2: weak hidden variable"
"coarse",0,1.04389235753811,1.41582739910078,80,80,"stage_specific_coarse","hidden_h3_moderate","H3: moderate hidden variable"
"coarse",0.1,0.846741535140231,1.66469216470866,80,80,"stage_specific_coarse","hidden_h3_moderate","H3: moderate hidden variable"
"coarse",0.2,0.750383919544179,1.75837367664678,80,80,"stage_specific_coarse","hidden_h3_moderate","H3: moderate hidden variable"
"coarse",0.3,0.654019288678135,1.87623756598407,80,80,"stage_specific_coarse","hidden_h3_moderate","H3: moderate hidden variable"
"coarse",0.4,0.51989272804603,2.00219971136984,80,80,"stage_specific_coarse","hidden_h3_moderate","H3: moderate hidden variable"
"coarse",0.5,0.415086846792553,2.14502020514732,80,80,"stage_specific_coarse","hidden_h3_moderate","H3: moderate hidden variable"
"coarse",0.6,0.293859529224351,2.31993887243089,80,80,"stage_specific_coarse","hidden_h3_moderate","H3: moderate hidden variable"
"coarse",0.7,0.0485904878398792,2.55559246829917,80,80,"stage_specific_coarse","hidden_h3_moderate","H3: moderate hidden variable"
"coarse",0.8,-0.350120370360359,2.93597723963896,80,80,"stage_specific_coarse","hidden_h3_moderate","H3: moderate hidden variable"
"coarse",0.9,-1.19399793782133,3.85794496093605,80,80,"stage_specific_coarse","hidden_h3_moderate","H3: moderate hidden variable"
"fine",0.72,-0.136354652286324,2.51547619893572,120,120,"stage_specific_fine","hidden_h3_moderate","H3: moderate hidden variable"
"fine",0.74,-0.203109669266113,2.57375638184191,120,120,"stage_specific_fine","hidden_h3_moderate","H3: moderate hidden variable"
"fine",0.76,-0.27703768104483,2.63829891726901,120,120,"stage_specific_fine","hidden_h3_moderate","H3: moderate hidden variable"
"fine",0.78,-0.359734270338834,2.71049682190339,120,120,"stage_specific_fine","hidden_h3_moderate","H3: moderate hidden variable"
"fine",0.8,-0.453335211201164,2.79214734298769,120,120,"stage_specific_fine","hidden_h3_moderate","H3: moderate hidden variable"
"fine",0.82,-0.56077891679402,2.88850117335666,120,120,"stage_specific_fine","hidden_h3_moderate","H3: moderate hidden variable"
"fine",0.84,-0.68624389905257,3.00274783202409,120,120,"stage_specific_fine","hidden_h3_moderate","H3: moderate hidden variable"
"fine",0.86,-0.835918520240134,3.13903944941543,120,120,"stage_specific_fine","hidden_h3_moderate","H3: moderate hidden variable"
"fine",0.88,-1.01944991189226,3.31741993023047,120,120,"stage_specific_fine","hidden_h3_moderate","H3: moderate hidden variable"
"coarse",0,1.14038090688363,1.62183778961942,80,80,"stage_specific_coarse","hidden_h4_strong","H4: strong hidden variable"
"coarse",0.1,0.887741729153346,1.82857315799578,80,80,"stage_specific_coarse","hidden_h4_strong","H4: strong hidden variable"
"coarse",0.2,0.760475585243164,1.96493328266685,80,80,"stage_specific_coarse","hidden_h4_strong","H4: strong hidden variable"
"coarse",0.3,0.609683675160644,2.07539417885006,80,80,"stage_specific_coarse","hidden_h4_strong","H4: strong hidden variable"
"coarse",0.4,0.501993100241759,2.18220721176366,80,80,"stage_specific_coarse","hidden_h4_strong","H4: strong hidden variable"
"coarse",0.5,0.336524853039068,2.34636126087033,80,80,"stage_specific_coarse","hidden_h4_strong","H4: strong hidden variable"
"coarse",0.6,0.134343375938822,2.5612041876992,80,80,"stage_specific_coarse","hidden_h4_strong","H4: strong hidden variable"
"coarse",0.7,-0.13803917097021,2.82833424639936,80,80,"stage_specific_coarse","hidden_h4_strong","H4: strong hidden variable"
"coarse",0.8,-0.56307955549923,3.26449537196691,80,80,"stage_specific_coarse","hidden_h4_strong","H4: strong hidden variable"
"coarse",0.9,-1.46268396403753,4.14447466112646,80,80,"stage_specific_coarse","hidden_h4_strong","H4: strong hidden variable"
"fine",0.62,0.10524279371278,2.53968185035202,120,120,"stage_specific_fine","hidden_h4_strong","H4: strong hidden variable"
"fine",0.64,0.0603642158328448,2.58832568600304,120,120,"stage_specific_fine","hidden_h4_strong","H4: strong hidden variable"
"fine",0.66,0.0123384222199963,2.64038078493606,120,120,"stage_specific_fine","hidden_h4_strong","H4: strong hidden variable"
"fine",0.68,-0.0415583827256535,2.6963873923396,120,120,"stage_specific_fine","hidden_h4_strong","H4: strong hidden variable"
"fine",0.7,-0.102320839180454,2.75700675630141,120,120,"stage_specific_fine","hidden_h4_strong","H4: strong hidden variable"
"fine",0.72,-0.16852937361848,2.82305937300994,120,120,"stage_specific_fine","hidden_h4_strong","H4: strong hidden variable"
"fine",0.74,-0.241220228534946,2.89557904466204,120,120,"stage_specific_fine","hidden_h4_strong","H4: strong hidden variable"
"fine",0.76,-0.32172189899511,2.9758911377847,120,120,"stage_specific_fine","hidden_h4_strong","H4: strong hidden variable"
"fine",0.78,-0.411771846496091,3.06572902224161,120,120,"stage_specific_fine","hidden_h4_strong","H4: strong hidden variable"
"coarse",0,1.18421976639856,1.64659807687074,80,80,"stage_specific_coarse","hidden_h5_severe","H5: severe hidden variable"
"coarse",0.1,0.742390092158,2.08944650663592,80,80,"stage_specific_coarse","hidden_h5_severe","H5: severe hidden variable"
"coarse",0.2,0.551018332472772,2.3433295397524,80,80,"stage_specific_coarse","hidden_h5_severe","H5: severe hidden variable"
"coarse",0.3,0.362882677552992,2.5747943919244,80,80,"stage_specific_coarse","hidden_h5_severe","H5: severe hidden variable"
"coarse",0.4,0.123037533385841,2.79582079130777,80,80,"stage_specific_coarse","hidden_h5_severe","H5: severe hidden variable"
"coarse",0.5,-0.143888650137878,3.04642861797754,80,80,"stage_specific_coarse","hidden_h5_severe","H5: severe hidden variable"
"coarse",0.6,-0.443615799558253,3.35335926842193,80,80,"stage_specific_coarse","hidden_h5_severe","H5: severe hidden variable"
"coarse",0.7,-0.847413642505191,3.76686179838434,80,80,"stage_specific_coarse","hidden_h5_severe","H5: severe hidden variable"
"coarse",0.8,-1.47630992669105,4.41211339887562,80,80,"stage_specific_coarse","hidden_h5_severe","H5: severe hidden variable"
"coarse",0.9,-2.93891004873651,5.81579541144361,80,80,"stage_specific_coarse","hidden_h5_severe","H5: severe hidden variable"
"fine",0.42,0.133738585797781,2.86979943606422,120,120,"stage_specific_fine","hidden_h5_severe","H5: severe hidden variable"
"fine",0.44,0.0733600529872028,2.91576612595113,120,120,"stage_specific_fine","hidden_h5_severe","H5: severe hidden variable"
"fine",0.46,0.0247740195447328,2.96317323981551,120,120,"stage_specific_fine","hidden_h5_severe","H5: severe hidden variable"
"fine",0.48,-0.0249639931326049,3.01221160962283,120,120,"stage_specific_fine","hidden_h5_severe","H5: severe hidden variable"
"fine",0.5,-0.0765704166099446,3.06309210811264,120,120,"stage_specific_fine","hidden_h5_severe","H5: severe hidden variable"
"fine",0.52,-0.130277669503097,3.11605020998369,120,120,"stage_specific_fine","hidden_h5_severe","H5: severe hidden variable"
"fine",0.54,-0.19280193989168,3.17975977304203,120,120,"stage_specific_fine","hidden_h5_severe","H5: severe hidden variable"
"fine",0.56,-0.260613561704305,3.24706380293532,120,120,"stage_specific_fine","hidden_h5_severe","H5: severe hidden variable"
"fine",0.58,-0.331927633392941,3.31784406573461,120,120,"stage_specific_fine","hidden_h5_severe","H5: severe hidden variable"
