"observed_strength","hidden_strength","n_replicates","flag_rate","observed_strength_median","observed_strength_q05","observed_strength_q95","ps_observed_min_median","ps_observed_min_q05","ps_observed_min_q95","ps_observed_max_median","ps_observed_max_q05","ps_observed_max_q95","ps_observed_iqr_median","ps_observed_iqr_q05","ps_observed_iqr_q95","weight_cv_control_median","weight_cv_control_q05","weight_cv_control_q95","var_observed_control_median","var_observed_control_q05","var_observed_control_q95","var_ideal_control_median","var_ideal_control_q05","var_ideal_control_q95","epsilon_added_to_denominator_median","epsilon_added_to_denominator_q05","epsilon_added_to_denominator_q95","original_variance_ratio_median","original_variance_ratio_q05","original_variance_ratio_q95","stabilized_variance_ratio_median","stabilized_variance_ratio_q05","stabilized_variance_ratio_q95","original_R2_median","original_R2_q05","original_R2_q95","stabilized_R2_median","stabilized_R2_q05","stabilized_R2_q95","tau_observed_median","tau_observed_q05","tau_observed_q95","tau_ideal_median","tau_ideal_q05","tau_ideal_q95","tau_gap_observed_minus_ideal_median","tau_gap_observed_minus_ideal_q05","tau_gap_observed_minus_ideal_q95","original_bound_median","original_bound_q05","original_bound_q95","stabilized_bound_median","stabilized_bound_q05","stabilized_bound_q95"
0,0.03,35,1,0,0,0,0.5,0.5,0.5,0.5,0.5,0.5,0,0,0,0,0,0,0,0,0,0.000879688463048932,0.000768381573780628,0.000999001969602671,9.73685364676988e-05,8.34803538925078e-05,0.000116068558643833,Inf,Inf,Inf,9.05150422012522,8.26487472195272,10.0899634118452,0.999999999999,0.999999999999,0.999999999999,0.88952112536427,0.879005861320961,0.900890195942859,0.0187488793629751,-0.0595192308560593,0.118358058209302,-0.00563851167553509,-0.0818103742015876,0.0953462081267994,0.0227201894627298,0.019479227571846,0.0251356823415375,NA,NA,NA,0.0360003722995191,0.0330628507051002,0.0398602207682524
0.001,0.03,35,1,0.001,0.001,0.001,0.499168369711528,0.499023608293301,0.499277069625055,0.500832691386019,0.500749002706824,0.50098888987994,0.000337048276654095,0.000315878146788867,0.000352742690980612,0.00100161947169823,0.000966520102593525,0.00102683272783997,1.01034645174224e-06,8.67249580568721e-07,1.14787997190813e-06,0.000902355514442296,0.000752293854540874,0.00107129211095679,9.95519956346695e-05,8.56247968871994e-05,0.000113663196544669,907.001324311289,824.698430062467,999.660274085925,8.95508948762783,8.32778671522308,9.74592849099907,0.998897465777396,0.998787431346772,0.998999631368551,0.888331657502521,0.879911168180983,0.897393004668584,0.0309247876971321,-0.0601812711178322,0.124202300895809,0.00775713592144367,-0.0818344208897004,0.100579680507668,0.0224281219683341,0.020526047193033,0.025093566954137,0.0377042764641741,0.033916981892172,0.0410044418317399,0.035570172144754,0.0319501309572811,0.0386474703113216
0.002,0.03,35,1,0.002,0.002,0.002,0.498325999130863,0.498037435182247,0.498518633069286,0.501714512869649,0.501490564046347,0.501940011739097,0.000676076110005641,0.000644056212433636,0.000703671047281357,0.00199599152530347,0.00193888970041954,0.00206290041271395,3.95924573749618e-06,3.20838427631079e-06,4.82409273741986e-06,0.000904078502168786,0.000732147108321491,0.00104267229840697,0.000101334320972836,8.23130654254738e-05,0.000116640819665297,223.454092766511,207.675743579907,245.137872423394,8.70702339370555,8.03516812061054,9.22741902371933,0.995524807858208,0.995184765636451,0.995919917502348,0.885150187982392,0.875528638663872,0.891626872769771,0.0244317327067662,-0.0663177522615031,0.114495227133943,0.0028171159710213,-0.0900035615878372,0.0921644593987203,0.0225781693457378,0.0207983689131396,0.0240644583378225,0.0376408598217327,0.0335488280010856,0.0412248341358555,0.0354926594103138,0.0315874666001913,0.0389542811460008
0.005,0.03,35,1,0.005,0.005,0.005,0.495689471999078,0.494608639168524,0.496204476612015,0.504237592667556,0.503753347160037,0.505014956176994,0.0016921952575204,0.0016384698454282,0.00179487575524213,0.00502348326877586,0.00482518244077825,0.00518525610234383,2.43947593987353e-05,2.14075738407408e-05,2.82680215698376e-05,0.000911562636720685,0.000777944863880382,0.00105776150707854,9.87399493278667e-05,8.59659081541914e-05,0.000109233953180825,36.9263353489943,33.4897494153635,41.1548359884743,7.43218450751962,6.93450705531378,7.94105660503515,0.972919056533802,0.970140116973651,0.975701480185483,0.86545005724922,0.855782098473132,0.874072170737266,0.0137698418956159,-0.102197223692572,0.126263402804215,-0.00671575999752971,-0.124870260938526,0.10258332993056,0.0224437133660809,0.020371447760823,0.0250769734975318,0.0371316582522695,0.0344642368206484,0.0402778697870433,0.0351076933780281,0.0323809319303452,0.0380323318178847
0.01,0.03,35,1,0.01,0.01,0.01,0.491813941976281,0.489940745162216,0.492601091845155,0.508404355174012,0.507719146963373,0.509706403713625,0.0033915096585192,0.00321482922730697,0.00349451174254837,0.00991325687223609,0.00972218434273275,0.0104146636019116,0.000101967015582972,8.46749462724397e-05,0.000114574316064948,0.00100012298977521,0.000849209234915211,0.00115258679930395,0.000102610689279362,8.46879395211717e-05,0.000113693886358425,9.93874704837946,9.20607349475135,10.8193848771569,4.9016045591159,4.70441081639313,5.31760310988699,0.899383695436433,0.891370859248158,0.907573124544067,0.795985174254781,0.787433519576163,0.811937261036535,0.0196965444802275,-0.0730739807597038,0.100576503237952,-0.00314369216115029,-0.0951596202454284,0.077884230039134,0.0219922252363409,0.0202584797363785,0.0248534898441387,0.0375598498453771,0.0335962571576649,0.0400707933597096,0.0353638733853551,0.0316156870797182,0.0379574018078872
0.02,0.03,35,0.428571428571429,0.02,0.02,0.02,0.483316503922006,0.480683094870926,0.485320173917223,0.516962007312632,0.514237279901799,0.518964418386677,0.00675539673407688,0.00650025472529033,0.0070944606233333,0.0200306233387737,0.0194483490213258,0.0207957720851036,0.000393352555583024,0.000343940839611744,0.000455006366062044,0.00127029191253753,0.0011256129253308,0.00145308784193298,9.76167219574154e-05,8.7764378577549e-05,0.000114739493470928,3.19968799381085,3.02606989495268,3.50375148967067,2.56080533969095,2.43313587766968,2.78233681137661,0.687469527674481,0.669536402758799,0.714588952410933,0.609497846438932,0.589006855293007,0.640589717388718,0.0273321511707643,-0.059044715451141,0.142945562239415,0.00622214854070413,-0.0825258645649934,0.120998308332091,0.0221566462503202,0.0196675824247017,0.0249745104643389,0.0367437728553225,0.034562352256515,0.0402658029354821,0.0343587153666875,0.0325615203703818,0.0381218568046476
0.05,0.03,35,0,0.05,0.05,0.05,0.458415919678178,0.453013034543288,0.462139282260449,0.541207180533713,0.535345185627895,0.54968012526166,0.016733486023627,0.0162094932762309,0.017617167087049,0.0496298763860162,0.0481004465222457,0.0513803045696856,0.00249956996045179,0.00210946549004641,0.00290078896850277,0.00338299280184713,0.00290019889808093,0.0040483792395428,0.000101770462200125,8.82566665452764e-05,0.000118075827373707,1.36237487387037,1.28639054158144,1.42887035541651,1.30921345461365,1.23638283574285,1.37324532241911,0.265987637338687,0.222579174592317,0.30014594910052,0.23618261294519,0.191146355949724,0.27179689822247,0.0256680933103596,-0.0819825475420208,0.130299568325761,0.00383144722979833,-0.103714367343543,0.108097006853873,0.0219504378526076,0.0198174526866373,0.0243090390605396,0.0373452908332931,0.0326402733538158,0.0418103420745223,0.035205862612345,0.0301833158865603,0.0395974271407776
0.1,0.03,35,0,0.1,0.1,0.1,0.41596551467816,0.4077192554703,0.42457238659639,0.582952639112749,0.575394945036064,0.604425987896712,0.0335325973940632,0.0319501937772719,0.0347174156226096,0.100693301285392,0.0970308896504625,0.103657028322748,0.0100321143192409,0.00876898401559599,0.0118595220671438,0.0110856157765133,0.00962150044341293,0.0130426252122805,9.95071144697485e-05,9.02058423944949e-05,0.000115836594475886,1.09340746344675,1.05289765001505,1.12410034682344,1.08348746673721,1.04261722260128,1.11249644335341,0.0854278634172698,0.0502299937530538,0.110397817145264,0.0770543908446155,0.0408638200417018,0.101117693370604,0.0307087003301389,-0.0579454498173409,0.101555937241533,0.00861920808925665,-0.0805226678274135,0.0782495007436702,0.0222758097111799,0.0192413033928315,0.0254661076254265,0.0373272840333165,0.0279210577055228,0.0443858564850789,0.0352577420950106,0.0251674588491521,0.0423707357164669
0.2,0.03,35,0,0.2,0.2,0.2,0.330911686029321,0.311274369795262,0.353289193827535,0.659297837180531,0.641413180695462,0.686864001400148,0.0675116386651862,0.0643426271799019,0.0694621574149346,0.200175300497948,0.19330082121337,0.207636839002045,0.0395942853512267,0.03369363471177,0.0482952873578136,0.0407145149201238,0.0348335762082264,0.0496521633034098,9.83289780175295e-05,8.48239365337579e-05,0.000118642979080589,1.02213621390079,1.00773855536516,1.03982246678268,1.01977163524465,1.00525220488155,1.03736232245084,0.0216568140329495,0.00767048245382932,0.0382972854778307,0.0193882969101303,0.0052162934087231,0.0360165744921926,0.0172042000030551,-0.0398240114712817,0.11616465350984,-0.00617993148490892,-0.0628148671486153,0.093727811006764,0.0224114534458264,0.0200387744722502,0.0262626515802986,0.0371011269376813,0.0245844799750545,0.0499119815337981,0.0349310350420748,0.0212932679456927,0.0483077968992066
0.4,0.03,35,0,0.4,0.4,0.4,0.205462141910572,0.154468668044467,0.229696453060807,0.794217474081719,0.76354933649159,0.839312306759958,0.133164687571429,0.128873009573238,0.136657294584801,0.410551513162821,0.383613428235831,0.424617316520514,0.164563132746099,0.133264538442038,0.194240692952961,0.167494987884306,0.134587517948012,0.196292648633169,0.000100299720239281,8.40972081152691e-05,0.000113410417609201,1.00513859564772,0.99351860652144,1.0180802051113,1.00454783747347,0.992950885700107,1.01745037073281,0.00511232547429097,0,0.0177589623292724,0.00452724828407092,0,0.0171509186878148,0.0200353885333513,-0.0871231111235819,0.124135973717243,-0.00313821787252833,-0.111328674375268,0.102478385442581,0.0222937039151478,0.0194826763982242,0.0254349409886179,0.0419134283238024,0.0176970452284452,0.0732487045057393,0.039949119221286,0.0129717933204552,0.072026193761943
0,0.06,35,1,0,0,0,0.5,0.5,0.5,0.5,0.5,0.5,0,0,0,0,0,0,0,0,0,0.00361506012129218,0.00301790047853116,0.00437770470213816,0.000100892852714024,8.39378581874371e-05,0.000116068558643833,Inf,Inf,Inf,36.3315061938133,33.8642186216271,38.4773595332186,0.999999999999,0.999999999999,0.999999999999,0.972475680070476,0.970462789490933,0.97401064291824,0.0363575915327462,-0.104914828823983,0.135697311723955,-0.00740746410960869,-0.148652530189165,0.0914115528375228,0.0443500607965441,0.04142825491502,0.0508726954200584,NA,NA,NA,0.0766412709500438,0.0684710989572937,0.0852302773955177
0.001,0.06,35,1,0.001,0.001,0.001,0.499177525363934,0.499017125445395,0.499284732351172,0.500819895438772,0.500728288250475,0.500952750890505,0.000338591966756507,0.000323670046352281,0.000351981021018255,0.00100554692281075,0.000971927650691587,0.00104114137608434,1.00958141009035e-06,9.21290819183113e-07,1.17688605473479e-06,0.00366608747083758,0.00328656716227459,0.00438629844272208,0.000100450848838781,9.1278888015068e-05,0.000117995121144472,3620.39347657911,3288.09496169407,3930.06562806446,36.1342194437664,33.1830129801762,38.7225356044979,0.999723786929109,0.99969586990595,0.999745492896805,0.972325401921128,0.969863728126756,0.974170246738498,0.0715969446073234,-0.0375637331788405,0.133425505446313,0.0262420232419671,-0.0872959614310476,0.0893683223002305,0.0456657434297073,0.0409782578944843,0.0506444287339227,0.0759929971164773,0.0689507639744143,0.0830358371086232,0.07498532954937,0.0679323555101208,0.0819490728991033
0.002,0.06,35,1,0.002,0.002,0.002,0.498324763522176,0.497949952671165,0.498536694661573,0.501665174659242,0.501495122086303,0.501978763309577,0.000669610575668833,0.000639225647597824,0.000695333336773485,0.00200900979096725,0.00193984336747538,0.00207172110043739,4.05352848698054e-06,3.52217131218047e-06,4.58558270317795e-06,0.00363390106500812,0.00318034511933697,0.00424294651519246,0.000100462008731283,8.68187231883961e-05,0.000115453057814567,887.139838364807,795.130418670145,983.681737061388,34.2346082105546,32.1545653584608,36.6860006779183,0.9988727819936,0.998742305622339,0.998983410960244,0.970789792777833,0.968900140975345,0.972740751361178,0.0207274778145108,-0.0763066889706697,0.120287789600844,-0.0229550735227104,-0.122476906766967,0.0754071220270834,0.0444627551954979,0.0406680542947524,0.0509171393653467,0.0744636392544459,0.0694623034036391,0.0823908081570624,0.0734510620393996,0.0685107630043945,0.0812447487119542
0.005,0.06,35,1,0.005,0.005,0.005,0.495805002819956,0.495008176332983,0.496340598458132,0.504171897937491,0.503680713252764,0.504835009312847,0.00166864920376664,0.00159371174731873,0.00178687125288249,0.00495464612174618,0.00481403701905219,0.00526854551363972,2.47610085595389e-05,2.14133894797049e-05,2.99737698386788e-05,0.00368421720920185,0.00301979247815943,0.00428796507989824,9.90757979433077e-05,8.58466929656111e-05,0.000118321043883211,146.628002391948,129.636217508894,159.294088016289,29.0027317063694,26.5539892556044,31.549668333451,0.993180020298395,0.992285224823645,0.993722303071114,0.965520489237902,0.962335912627476,0.968303819485387,0.0578971147834475,-0.0391753321781163,0.162675214883091,0.0125567582559136,-0.0818275200747621,0.113721542646089,0.0437354535284418,0.0392150033191561,0.0496167428402131,0.0738964983781967,0.0671365008662221,0.0812864021056248,0.0729074278846217,0.0661494662374037,0.0801873953097446
0.01,0.06,35,1,0.01,0.01,0.01,0.491566434831974,0.49018966077991,0.492802193490931,0.508474502659112,0.507283026207823,0.510875247859791,0.00337646207537212,0.00318526098240967,0.00352421044712571,0.0100433880441585,0.00964446518507413,0.0103687740672558,9.5646156163961e-05,8.4746276928336e-05,0.000113537548662854,0.0036605648332165,0.00307697027900962,0.00432017621235218,9.73511551727252e-05,8.43559745548705e-05,0.000113302401672923,37.8853554452856,33.6641395147406,40.8975556342622,18.9075929217196,17.2113091537715,19.790280936726,0.973604576537649,0.970294614895464,0.975537236453625,0.947111194738529,0.941898666833272,0.949470146074075,0.0471759753914456,-0.060344586968043,0.126575328499157,0.00182628155451314,-0.105518720799135,0.0802357964458753,0.0447734815580874,0.0408595975311392,0.0482048715183633,0.0728636993138795,0.0675594926686246,0.0808819432170996,0.0719091459177421,0.0666244690275017,0.0798131043765752
0.02,0.06,35,0.485714285714286,0.02,0.02,0.02,0.483002417873173,0.480494482343058,0.485731720967555,0.51712716916895,0.514727621164509,0.519331421962303,0.00671124213300617,0.00649024064526841,0.00691752541719703,0.0200029582431081,0.0190174247483355,0.0205749751914684,0.000405020371754525,0.000333772231619975,0.000472101413539204,0.00405380312727736,0.00343468287575184,0.00465314116181407,0.000100544918479184,8.88100864210083e-05,0.000113904433496841,10.1854297342124,9.03380368087733,11.6482645382524,8.1091979687496,7.26113763128186,9.12485272046105,0.901820539133362,0.889297187462807,0.914123940364868,0.87668324242993,0.862273976920079,0.890381164501661,0.071319118487563,-0.0252221030727772,0.106402021926726,0.0230414612247687,-0.0693418810738772,0.0603914335350623,0.0442028662333451,0.0417669311410294,0.0515697056774747,0.0761230190498668,0.0689206976205555,0.082280483785671,0.0750905530012011,0.0679082134198017,0.0812184230164337
0.05,0.06,35,0,0.05,0.05,0.05,0.458074655267209,0.450247776325905,0.465348500572596,0.541881562253241,0.536313068229182,0.551016731093944,0.0169436413726524,0.0160990314115734,0.0175622826213486,0.0499969344239703,0.0485102484115838,0.0513275569160853,0.00255271074818542,0.0021380801440098,0.00297189921760483,0.00622372190593528,0.00540639072812624,0.00718782982384733,0.000102566390735911,8.72435112791538e-05,0.00011594756772981,2.44980029917104,2.23443977269562,2.6270025982113,2.3534014411043,2.15040571057766,2.51657209530569,0.591803462372677,0.552460520134113,0.619295725636115,0.575083119040344,0.534970430802048,0.602582978691171,0.0516292142836768,-0.0320977182741674,0.155839561361244,0.00562990195657265,-0.0769136425878794,0.110646952286228,0.0447256611409641,0.0401943309663457,0.0487758596570762,0.0759614100389149,0.0693872367737191,0.0827306299337363,0.0749434323172667,0.0683612405267773,0.0816155635625546
0.1,0.06,35,0,0.1,0.1,0.1,0.414797616902181,0.400243907971712,0.42532678711411,0.583427442605057,0.570418331719663,0.59566272419676,0.0335800348715724,0.0317794801811088,0.0350665851122988,0.100165029507967,0.0961552024627024,0.104556707084728,0.00994730547186428,0.00808511920113452,0.0109439276063924,0.0134285443501683,0.0109326128113566,0.0146749723935389,9.64922909556528e-05,8.34104902830135e-05,0.000111435152819657,1.35706120214434,1.27530113515805,1.43849623870174,1.34332428623708,1.2630025888168,1.42299752941246,0.263113558607481,0.215870288587962,0.304829104750921,0.255578113010077,0.208235335070724,0.297257895343044,0.0281972706743461,-0.0523291396618868,0.133164783442846,-0.0141714891198668,-0.0996311775361105,0.0871995348115792,0.0441641675036775,0.0412345896609939,0.0483832914855839,0.0730918507842566,0.0629765883665472,0.0815721680047604,0.0721590689946973,0.061834539405876,0.0805621516124361
0.2,0.06,35,0,0.2,0.2,0.2,0.334484287301927,0.303964102842172,0.356220547175453,0.663093588151885,0.641158454150942,0.685877539418294,0.0675605033025651,0.0643551342466674,0.069592460437595,0.201600644281494,0.192444883503819,0.210327848690542,0.0411695205346066,0.0348298258806812,0.0504883106451453,0.044265188403922,0.0384195591059014,0.054943516539801,0.000102505393325371,9.08533996783421e-05,0.000116521408874621,1.08985407007813,1.05285964878865,1.12140147066433,1.08723600113484,1.05016183007093,1.11876868298405,0.0824459645975242,0.0502041443009723,0.108252810230054,0.0802364905538332,0.0477639390397547,0.106154259408368,0.0473573379653047,-0.0573815124519672,0.131866049808635,-0.00241227825298074,-0.102903560939035,0.0845749757030056,0.0452263082045188,0.0406622918125989,0.0500971165373845,0.0768465523806248,0.0604031772275707,0.0938447431327751,0.0757985024944812,0.0587989429008611,0.0928513043443512
0.4,0.06,35,0,0.4,0.4,0.4,0.204448765766982,0.17326621699703,0.230608716962381,0.789118245099347,0.774880405566058,0.834783546479884,0.134144247397311,0.130327458214377,0.138825493658453,0.406114374633335,0.390668095632024,0.429386394171281,0.16409138590438,0.144580602116259,0.199281672128543,0.166920563078042,0.146529347728041,0.203555871899111,9.78842615247146e-05,8.84203658791609e-05,0.000114270102413144,1.018812335134,0.997691805198601,1.04452595758713,1.01821068673137,0.997039592841303,1.0438748637215,0.0184649660052668,0,0.0426114636392389,0.0178849888030792,0,0.0420143499598396,0.0328835037454769,-0.0437015074259507,0.128884604871858,-0.0103848847687533,-0.0912160691122046,0.0833484169472977,0.0445419000351583,0.0411378167555613,0.0496768041162712,0.0713328495665599,0.0321376387044005,0.108622677320071,0.0701232471441421,0.0291787559186129,0.107863113398692
0,0.12,35,1,0,0,0,0.5,0.5,0.5,0.5,0.5,0.5,0,0,0,0,0,0,0,0,0,0.0144806780793365,0.0122675404418341,0.016352856087801,9.78022648881292e-05,8.4980507168444e-05,0.000115086136429006,Inf,Inf,Inf,145.971093374514,136.628886754693,152.863734864292,0.999999999999,0.999999999999,0.999999999999,0.993149328563058,0.992680506370581,0.993458208564402,0.0790279044891231,-0.00721382789201671,0.15786537256905,-0.0100208340131156,-0.0996410770709057,0.0702132703723015,0.0891269438398556,0.0783285197859252,0.0991377487237022,NA,NA,NA,0.156499537742112,0.139017751210951,0.165163313452416
0.001,0.12,35,1,0.001,0.001,0.001,0.499165229818525,0.499003390701092,0.499257498186274,0.500826515975147,0.500723181679916,0.500925398739818,0.000332667446427348,0.000321576225946058,0.000349713370231386,0.000992697984833024,0.000959979983748429,0.00102620711388159,1.01797048531326e-06,8.84309116087633e-07,1.17309529474601e-06,0.0145673927295651,0.0132974949727624,0.0170301239568362,0.000101794216492618,9.41593241861166e-05,0.000118581519665687,14440.2417277549,13579.1546481532,16309.5288222889,141.602759678202,135.446955114695,153.51113739343,0.999930749081708,0.999926354413821,0.999938685470591,0.992937990740629,0.992617032606082,0.993485712751528,0.101303991331318,-0.0251394876360635,0.164529115633614,0.00479237645985298,-0.11643823429806,0.077075677201284,0.0889508392171281,0.0806426728511486,0.0977433586716441,0.150605630025098,0.141464999327448,0.165484651973798,0.150113622101949,0.140963511403808,0.16495671584147
0.002,0.12,35,1,0.002,0.002,0.002,0.498306184625308,0.498009222977107,0.498496196610035,0.501703518999854,0.501532290964441,0.501891931552148,0.000673812557543063,0.000651621623454263,0.000698612743114935,0.00198914770315829,0.00190934303326198,0.00206363866620502,3.79765112851726e-06,3.4249949956364e-06,4.35886723999061e-06,0.0138279563699476,0.012691940936014,0.0158388960072749,9.60680773904206e-05,8.89652875193692e-05,0.000110760272222376,3665.23523709335,3316.05778914616,4101.27352016981,138.735476128952,129.284068664243,149.362340815676,0.999727166215723,0.999698431291396,0.999756081623186,0.992792038288242,0.992265092407585,0.993304512799715,0.101573504662367,0.00670848483250681,0.170529034488919,0.0160375858324397,-0.0860536910198169,0.084610027499226,0.0874147756759804,0.0824805155765028,0.0982606776452544,0.146557241697549,0.139343227604585,0.158000769165911,0.146050192899405,0.138850130189349,0.157468410804788
0.005,0.12,35,1,0.005,0.005,0.005,0.495674488414833,0.495051940403264,0.496359170142264,0.504207660642541,0.503751920981197,0.505232849939629,0.00168020105555078,0.00158244519410523,0.00174013703610337,0.00497270211403686,0.00481056980254942,0.00521618389903198,2.51075299830091e-05,2.12421506481446e-05,2.97200957389961e-05,0.0144432080232832,0.0121838243236945,0.0168691043101505,0.000101364421763051,8.78209797981974e-05,0.000114380223226669,581.999357743845,518.394135983704,657.46537668304,115.46008201245,105.697245296703,124.994741993558,0.998281785045474,0.998070769936882,0.998478982908735,0.991338998010653,0.990538823061169,0.99199831872269,0.0893668674524106,0.0133500892404915,0.173583811253847,-0.00639803957427687,-0.0751101503389022,0.0896869319512607,0.0889530449273186,0.0792883421992957,0.0968572286118796,0.149231387670919,0.135692983735908,0.163211232877813,0.148721560310061,0.135183527674448,0.162614066067924
0.01,0.12,35,1,0.01,0.01,0.01,0.491553521880096,0.490593861678774,0.492479087186835,0.508630793377055,0.507535978650894,0.509953772159393,0.00337033347197047,0.00324120343849363,0.00355784865633792,0.0100163967250508,0.00960426365951664,0.0104420540513976,0.000101832852355473,8.52810828180896e-05,0.000119823891003486,0.0142928665666472,0.012425650237176,0.0170399993696137,0.000100539394290436,8.93839933230718e-05,0.000115648957464975,144.811410563729,128.515198906288,165.304230569201,73.0758424574605,65.2913185405175,80.4757297484025,0.993094466823387,0.992218665218704,0.993949754198426,0.986315587116466,0.984684012598811,0.987572795250191,0.0980775441857356,0.0370450856481203,0.192766028392074,0.00731136798935461,-0.0505947919717376,0.104493011744266,0.0891757431265444,0.0792901852682655,0.0986022775581889,0.147995455555015,0.138670999920662,0.166871643098703,0.147474295160807,0.138163069369116,0.166319819808493
0.02,0.12,35,0.4,0.02,0.02,0.02,0.482736341197791,0.479845210495341,0.485176821027389,0.516342021875888,0.514315223027786,0.518794898330338,0.00686264867020758,0.00655654045603965,0.00703974780077295,0.0200762456704896,0.0193619036415687,0.0206882221057637,0.000404892167339076,0.000352089225074181,0.000463795209527637,0.0146175170692947,0.0123432207820633,0.0175978680476031,0.00010098200142571,8.68289842303658e-05,0.000114243831968929,36.8356157800385,32.9049133130279,41.0424604856411,29.4395192762098,26.5182998905472,32.3989143541674,0.97285236098749,0.969608235760143,0.975621214752037,0.966032054035335,0.962285895536007,0.96911882255657,0.100320759854207,0.0215788865914848,0.16901115313547,0.0047538745557929,-0.0671045925342594,0.0802542674710433,0.090073947351667,0.0800487886007827,0.0991084582500576,0.149925527153866,0.135868364390148,0.166136220944356,0.149407476946788,0.13537241696431,0.165580216766426
0.05,0.12,35,0,0.05,0.05,0.05,0.45895181876252,0.449181845949651,0.463089748148114,0.542243905460876,0.537393478039345,0.548369364142276,0.0170012952156744,0.0164582322281657,0.017607132791693,0.0501119604864485,0.0480553507848007,0.051514304924473,0.00261014199432117,0.00222112283616718,0.00307554945695881,0.0172194436117037,0.0153230804847366,0.0210068241951823,0.000102953023047449,9.26013205212847e-05,0.000120987866430718,6.69933463824024,6.36912472847695,7.33796390059099,6.43755472640581,6.13193290403918,7.03153985068409,0.850731445136069,0.842989851623331,0.863718712353404,0.844661514736619,0.8369172270743,0.857779314703687,0.0835717396979456,-0.0112787222234009,0.176833319994901,-0.00838845719248305,-0.103424930621358,0.0875426584892762,0.0908816065997566,0.0815567101386632,0.0957477648981113,0.151946539467932,0.142505490955183,0.169380354521516,0.15139588413558,0.141986042383708,0.168794441080031
0.1,0.12,35,0,0.1,0.1,0.1,0.418399273225874,0.411004617629291,0.425634958735686,0.582138172564488,0.569508385929038,0.592692369358143,0.0337724414983018,0.0324488739569258,0.0350964599970748,0.100149539046975,0.0964869854825062,0.103719294966864,0.0101360013197615,0.00867351243103191,0.0118402660271552,0.025244791798768,0.0207333013431874,0.0297084174122352,0.00010080071326673,8.78147969797287e-05,0.000114491139910286,2.42864654270077,2.23885061447368,2.71131754166719,2.40488717865594,2.21857275880628,2.68389946909966,0.58824802933738,0.553340877403411,0.63117504772253,0.584180077603937,0.549257821103787,0.627407122954825,0.100442166713395,-0.024932880848313,0.198228580368839,0.0074842507098476,-0.114768556505681,0.106517419970219,0.0912464413534925,0.0802534313410456,0.0979894354512388,0.152503426144892,0.133428558851533,0.171871788683797,0.151998382916604,0.132908982184036,0.171326089894287
0.2,0.12,35,0,0.2,0.2,0.2,0.337745659531658,0.309618009446764,0.353037099047221,0.66416754730267,0.64447813804844,0.69558715697236,0.0673510181937885,0.064806339727712,0.0711421612442702,0.200454901562153,0.190554225305028,0.20999425727835,0.0395509590084686,0.0332317691297924,0.0485650385723876,0.0535022452265295,0.0460372489273525,0.0666223464626061,9.93609146613144e-05,8.76206451292551e-05,0.000116940862202717,1.356145237673,1.28582749909596,1.46032280012588,1.35276117604567,1.2827830323447,1.45632414870664,0.262615852476176,0.222283962006753,0.315214261783098,0.260771215416491,0.220437861179211,0.313334141077384,0.0941580987907777,-0.00474718835568682,0.170179924592541,0.00658734605423605,-0.0957547392333601,0.0787859769884318,0.0894825942396416,0.0758994100374909,0.0987065265728687,0.150051459844726,0.125729048595528,0.177694715853145,0.149550613948867,0.125168646405176,0.177213686522468
0.4,0.12,35,0,0.4,0.4,0.4,0.205358867797617,0.156439208787014,0.229579868942813,0.787640003036459,0.760430845361424,0.835437412584689,0.133927382626077,0.129551241868322,0.139861591020208,0.409434367503315,0.387569897818181,0.433069255057742,0.16584397888985,0.143731776185149,0.209035462429043,0.178358093125751,0.146993855485129,0.229747574336619,9.76380145897059e-05,8.26574409036484e-05,0.000114304165733995,1.09580131696533,1.02005077949943,1.13303117628147,1.09514255510947,1.01940308978124,1.13236868856929,0.0874258092978413,0.0194983478230591,0.117397131912397,0.086876867916035,0.0189372930361594,0.116880640690753,0.0748250596741058,-0.0236907027020394,0.184705172545953,-0.00607057472478911,-0.106085955085694,0.0909186863928863,0.087695587794728,0.0796208276605042,0.100773904682543,0.162955738043322,0.0880829386517133,0.186223780139516,0.163370502153483,0.0974469671412983,0.185862151161264
0,0.24,35,1,0,0,0,0.5,0.5,0.5,0.5,0.5,0.5,0,0,0,0,0,0,0,0,0,0.0586866753694476,0.0472879235228589,0.0705758888992955,0.000102247120876377,8.63925217010178e-05,0.000117469647227089,Inf,Inf,Inf,576.991880948732,535.877522003205,614.959498483075,0.999999999999,0.999999999999,0.999999999999,0.998266873359889,0.998133872457502,0.998373769369293,0.177889238479032,0.114552066309785,0.255673469240162,0.0120310617979893,-0.0634158221627572,0.0738457155235673,0.173466332603805,0.155815124032683,0.188702895882365,NA,NA,NA,0.313619332588626,0.272257682198655,0.342760987158573
0.001,0.24,35,1,0.001,0.001,0.001,0.499134761689556,0.498995167953468,0.499249248087265,0.500856935714707,0.500738514663249,0.50099944661089,0.000336060867352495,0.000323483380052753,0.00035487041705114,0.00100155426593395,0.000973691114769344,0.00103007485004428,1.03181615561962e-06,8.21977372592355e-07,1.17293683506887e-06,0.0613528603517563,0.0465664263316101,0.0720095656646393,0.000101785225100995,8.41533024529931e-05,0.00011441956428554,58797.4823670996,51647.6225921786,66851.2234737166,578.418896890292,537.06126795152,641.426709784001,0.999982992469069,0.999980631118662,0.99998504092079,0.998271149152671,0.998138013583805,0.998440951374714,0.187232251174057,0.0770689316716103,0.258581807686864,0.00904072959787228,-0.0975980328760372,0.0714912265151584,0.178307172076713,0.160195431634171,0.193888442300227,0.308842687914323,0.259647542500111,0.337633736500369,0.308573141148985,0.259412805347188,0.337367516517287
0.002,0.24,35,1,0.002,0.002,0.002,0.498356892426103,0.49792756494803,0.498551794204626,0.501688516457687,0.501511124188314,0.501940401971988,0.000676752252548873,0.000646744163091872,0.000702249159554708,0.00198336284112124,0.00192333065272838,0.00206792759285236,3.89948179578796e-06,3.28425784593183e-06,4.43495536541611e-06,0.0576097331864834,0.0452915750661032,0.0668561285455526,9.73682180366493e-05,8.49698162620979e-05,0.000112547655981248,14612.2600690039,13081.4164770805,16770.2376296963,554.002278655448,508.175424660317,623.752464110806,0.999931564316863,0.99992353790941,0.999940370463941,0.998194953272707,0.998032174110909,0.998396798230245,0.178314941264658,0.091597253246818,0.275957118454275,-0.00373399964329346,-0.0823868345882198,0.119235316385943,0.171586310816224,0.151407792906052,0.198019330805036,0.296050915139539,0.25802111731232,0.324113230132678,0.295791867920557,0.257777740153306,0.323843413293628
0.005,0.24,35,1,0.005,0.005,0.005,0.495771306332075,0.494988476098883,0.496288637784536,0.504255204901225,0.503721486280292,0.504856423633516,0.00167631214634578,0.00161866292528659,0.00174275651797589,0.00502400329260786,0.0048259930317041,0.00515111469192497,2.46775354623278e-05,2.14815109492792e-05,2.94042736373785e-05,0.0575886711000854,0.0510344963324634,0.0703513493922933,9.78312133390212e-05,8.52585016447817e-05,0.000119228038097691,2344.50543797756,2116.71129037178,2657.44424124848,472.123708365765,434.069987129549,526.269941927392,0.999573470812308,0.999527569002195,0.999623694026364,0.997881911070593,0.997696135516511,0.998099815547238,0.17725154871722,0.0869448348404777,0.261787785414299,-0.00535507875514996,-0.0909422753258799,0.0944213895367491,0.181511670445203,0.160962737675578,0.201685107105071,0.297993184495176,0.281479399285566,0.332136842913643,0.297735369540606,0.281237166331664,0.331873441931529
0.01,0.24,35,1,0.01,0.01,0.01,0.491675235752802,0.489146869226228,0.492575851913339,0.508464118287283,0.507413937942945,0.509688156797017,0.00335351021521946,0.00324418577082541,0.00351707118155564,0.0100058539489633,0.00960338712512781,0.0103486651299119,0.000100152931682066,8.59413943546801e-05,0.00011808857678093,0.0588868165165193,0.051947068622874,0.0682541945926753,0.000100477436053807,9.08957524126709e-05,0.000115780912829956,589.261231148401,524.451759422627,647.396666524696,295.165088593675,270.804455692427,319.183946938968,0.99830295979586,0.998093191540085,0.998455201212821,0.996612065455422,0.996307134683591,0.996866793677898,0.180613720042237,0.0968891976043731,0.261794673289076,0.0027312303538114,-0.0872599093799001,0.0926854778491576,0.176377667147864,0.16411122915312,0.198250711910834,0.302253332885829,0.277003385544562,0.329817170077193,0.301994186576631,0.276759640000432,0.329553664344243
0.02,0.24,35,1,0.02,0.02,0.02,0.483090986797091,0.480403688370209,0.484186433795286,0.517110349108435,0.514740423158698,0.519898045595011,0.00678043261886763,0.00651973194615179,0.00707530620884895,0.0201575701335009,0.0192070580446927,0.0208367285223683,0.000394550990259222,0.000339633833399209,0.000467958726419556,0.0588318443649988,0.0498675977657908,0.071662421726667,9.68843779377358e-05,8.63303651724258e-05,0.000116104850595238,150.422872749179,132.734529070557,171.601387217969,121.077351869029,107.845817163014,135.658300646628,0.993352074842584,0.99246587097646,0.994172129373448,0.991740817051551,0.990726898467776,0.992628268837952,0.165031612240632,0.0919462938944027,0.296791601315701,-0.0151329985676516,-0.0961372692843808,0.10953789978929,0.181819301382609,0.167290806197986,0.197224081540128,0.303927757769653,0.277503158152447,0.335331519920848,0.3036766010155,0.277260886631728,0.335059382082188
0.05,0.24,35,0,0.05,0.05,0.05,0.457924351359465,0.450057865485022,0.465265150003978,0.54249952537718,0.538187899515084,0.553709951827337,0.016848082181323,0.0159560914959204,0.0174751481881178,0.0501422860369133,0.0480489947763181,0.0515793832300001,0.00247590493801723,0.00210123770671552,0.00282939806376937,0.0612244455485776,0.0500733418550589,0.0726520269940629,9.90181548420131e-05,8.51070113786747e-05,0.000114085595341878,24.243167634949,22.0183314079019,28.0775462974467,23.3184307000917,21.1728955549235,26.9177976789279,0.958751264890055,0.954577161228228,0.964383016525771,0.957115467465996,0.952764331360222,0.962848347566223,0.189996014343714,0.0566386190614584,0.273221269227576,0.0109238030704684,-0.116372191516851,0.0925139768426857,0.177556009205191,0.160891645260671,0.193453480153265,0.302320650100827,0.268241806039121,0.328262978537623,0.302071343913533,0.267996214573002,0.328003533886172
0.1,0.24,35,0,0.1,0.1,0.1,0.414894078404739,0.400504521796814,0.426772761668541,0.582718654674468,0.574253261580308,0.599721371388817,0.0333330086332012,0.032513757042537,0.0348358248394484,0.0999906636890892,0.0952235193989915,0.103582710429156,0.00980472421684261,0.00819788038137832,0.011958610067297,0.0674175078658601,0.0593594785162066,0.0759528366930767,9.72794077784688e-05,8.33049648960638e-05,0.000114102490324648,6.92774308449945,6.15942791065593,7.88522593589308,6.85891956828704,6.10199211755407,7.80210084193534,0.855652845695525,0.83762440207534,0.873177658297383,0.854204442836214,0.836095480433542,0.871826314693209,0.168941531398044,0.0790756973961279,0.259187459612329,-0.00716196862974283,-0.107497789356588,0.0831146490942728,0.178591579548253,0.160526915545989,0.194648658190978,0.298548505812911,0.279493512068845,0.323841693998812,0.298298053904872,0.279227280834991,0.323556360862536
0.2,0.24,35,0,0.2,0.2,0.2,0.336425886733354,0.301024689038895,0.357852708098356,0.661032681167669,0.641338597235857,0.685910176859495,0.0665167534949616,0.0642005624510973,0.0698130318189365,0.199549373713867,0.191748197882856,0.208322697609546,0.0409359976642494,0.0340011330771085,0.0483310388478082,0.101247374177832,0.0847303747642393,0.120651670634563,0.000104083641797377,8.80467156587558e-05,0.000114513397663454,2.46306181954828,2.29328987112961,2.82263944831605,2.45669813361915,2.28796716467879,2.81525746573815,0.594001258083162,0.563942789458854,0.645718358881792,0.592949582891235,0.562928375455512,0.64478964757514,0.207767483744653,0.0953132940214192,0.292065284969632,0.0395661131842004,-0.0918330065788721,0.120612173677046,0.174061713353985,0.157743480334532,0.194398256205345,0.306831692239994,0.278971684628926,0.350925031979063,0.306565718396402,0.278709711301005,0.35067666210421
0.4,0.24,35,0,0.4,0.4,0.4,0.205839254706049,0.178543308561386,0.231285899361409,0.791615769835087,0.766436879151726,0.830110646990685,0.134179302322804,0.128217575181749,0.138931127605341,0.409102336048024,0.389724093122056,0.430473383423388,0.16454911504845,0.144632944668873,0.198604887475415,0.227282899640507,0.19815461312234,0.283925427265945,9.87451935146052e-05,8.43547644897678e-05,0.000113019224383988,1.4039867868285,1.2461297713301,1.52755024530781,1.40316830352328,1.24542464725674,1.52657579523053,0.287742584630072,0.197511542771753,0.345355023610308,0.28732711714692,0.197057156006787,0.344937218727589,0.173108742157293,0.0792311277215589,0.278735588855319,-0.00783242380547722,-0.109119585402391,0.12184216014146,0.179681310018879,0.146873293229117,0.200292498358872,0.31733309780837,0.248136186771016,0.392053834375763,0.317103918646239,0.247834029461373,0.391814603050176
0,0.36,35,1,0,0,0,0.5,0.5,0.5,0.5,0.5,0.5,0,0,0,0,0,0,0,0,0,0.140703720558265,0.114693446197797,0.16100143585839,0.000100445433747298,8.63925217010178e-05,0.000120003225452343,Inf,Inf,Inf,1367.42443974984,1201.84958091874,1553.99554055124,0.999999999999,0.999999999999,0.999999999999,0.999268698166472,0.999167944391891,0.999356490225873,0.270189564749713,0.151473580659781,0.3896529100696,0.023362790798594,-0.0967635467028207,0.120973539881506,0.256797145961471,0.223025489225457,0.301225105561423,NA,NA,NA,0.47995370612336,0.4315102960132,0.51474297539364
0.001,0.36,35,1,0.001,0.001,0.001,0.499156564291219,0.499018841287653,0.499280170118369,0.50084753061685,0.500728353621099,0.501087694616381,0.000337647490382786,0.000318527171151495,0.000352422494491472,0.00099540412122656,0.000968371619513101,0.00103011528009724,9.68442352366467e-07,8.16834022558665e-07,1.10325914741878e-06,0.131677063302913,0.111885344975307,0.150299322475539,9.82337790950479e-05,8.39651399673214e-05,0.000110679796859519,137258.912107921,114389.513721171,153439.761453018,1325.25408833286,1197.99433260218,1482.53910388922,0.999992714498573,0.999991254697007,0.999993482027129,0.999245427719255,0.999165192163922,0.99932531550611,0.27892107498182,0.157657170597767,0.356993875469039,0.0158053715856423,-0.113867532385257,0.106549503524622,0.259244676130907,0.237887792593011,0.280888086158908,0.4476183421224,0.411179010275816,0.483161580848602,0.447445938401993,0.411013894099273,0.482994016033119
0.002,0.36,35,1,0.002,0.002,0.002,0.498299593101128,0.49804846762113,0.498572788279465,0.501713380559948,0.501473184251797,0.501934096873471,0.000671134215990576,0.00064903309517273,0.000691763717885602,0.00198090203859971,0.00192126451183219,0.00205254223873109,3.99668475973408e-06,3.37939847943272e-06,4.87204938994402e-06,0.135487898030712,0.117768765575749,0.16272778159713,0.000100901838914116,8.85573336881927e-05,0.000118322720035566,33827.8480386832,30741.8665689081,38785.8282262832,1267.51830006958,1188.45307265135,1411.74782522424,0.999970438557048,0.999967470964477,0.999974215833804,0.999211056755595,0.999158569413815,0.999291656689088,0.28212086559264,0.191926902088803,0.344781224322098,0.0186579787287862,-0.0949461284525671,0.0799381854726248,0.264799698391976,0.237315315493567,0.30854854504433,0.451957140453145,0.425826506575969,0.512810906654992,0.451776259286841,0.425657114114006,0.512631127076883
0.005,0.36,35,1,0.005,0.005,0.005,0.495797697000541,0.495008421299812,0.496529341831303,0.504197894094067,0.503637650531564,0.505119310591029,0.00169452590158159,0.00161004149580422,0.00175640736220742,0.00500756637620552,0.00482957294146455,0.00514212887830579,2.41682854342827e-05,1.98350346211105e-05,2.94849700825734e-05,0.128899632740781,0.108858034741042,0.153282283961111,9.65067704468882e-05,8.2614770671648e-05,0.000115018874115187,5312.18890933153,4735.0532809409,6107.90095941747,1067.45662774137,956.828211228313,1174.47645340761,0.999811753682509,0.999788792638081,0.999836252564405,0.999063193787914,0.998954679397805,0.999148554942777,0.268387990231513,0.135542896356439,0.359497826834881,0.0120895056684296,-0.123050178594597,0.100510022716664,0.259735829944792,0.234629432786425,0.288303253845614,0.444392014904305,0.406967437876456,0.493682744518476,0.444217192757965,0.406793326053984,0.493497852702783
0.01,0.36,35,1,0.01,0.01,0.01,0.491396673953605,0.489890099171425,0.492476963062988,0.508420689777407,0.507088478468552,0.509684436855636,0.00335926347484083,0.00317901424762541,0.00350809134308523,0.00996526940825158,0.00965604331706767,0.0104586243222888,9.85160291799807e-05,8.85723756604809e-05,0.000113112230744819,0.13419655598149,0.103987460158413,0.151917315564668,9.95644871611004e-05,8.52813860346113e-05,0.000115526554825009,1346.88529594825,1147.43606788951,1472.13937169481,667.48490092559,584.440859529263,728.698705011168,0.999257546278805,0.999128428048818,0.999320708114342,0.998501838770265,0.998288816254379,0.998627666344929,0.250417430594137,0.132672308651576,0.367147148608876,-0.00736819208468309,-0.12931891836826,0.11248786701412,0.258516159549968,0.22447716439924,0.283691537390272,0.455900935892105,0.402426761721843,0.48251258078548,0.455727905137923,0.402252993748059,0.48233337681527
0.02,0.36,35,1,0.02,0.02,0.02,0.482807471991324,0.479298514611764,0.485209105013056,0.516921309353552,0.51450589811711,0.519513850079842,0.00676635500214245,0.00644434068607035,0.00697040165585751,0.0200813031505741,0.0191940480829948,0.0206704472675612,0.00039403793593199,0.000317724057790402,0.000458644231968942,0.13306442838541,0.115916290879687,0.156707318400509,9.69328548072234e-05,8.37393323478965e-05,0.000113498523817519,339.625153978454,315.729867501037,373.500336456596,269.479576576943,255.911833942129,295.886021549503,0.99705557733788,0.99683271882529,0.997322345646895,0.99628914364234,0.996092370054995,0.996620304776083,0.257544472935593,0.189150999588743,0.347754435154126,0.000470277552256038,-0.0893410430850592,0.0661871077530237,0.268126326985357,0.240105960446648,0.299700924328873,0.455147789702433,0.422544069042901,0.501614140155353,0.454974996478908,0.422394802501971,0.501430204119827
0.05,0.36,35,0,0.05,0.05,0.05,0.457641838871217,0.451318721738645,0.462418146921216,0.541144830243622,0.538550987132375,0.550500936453674,0.0168700676200327,0.0163829486052867,0.0174647871294676,0.0500150396796713,0.048564207586337,0.0515827249397526,0.00265157388848315,0.00208532788089396,0.00301069553538262,0.137749928170822,0.116456799165693,0.170666115332205,0.000102438233934856,8.58936722770222e-05,0.000118881677509535,54.8217900144554,48.2634455906058,63.1785079857826,52.7373638071383,46.4760991519976,60.6666748110098,0.981759077918902,0.979279417469938,0.984169408007004,0.981038111733134,0.978482454958697,0.983513530674483,0.249073317799878,0.168365425246474,0.363496309121364,-0.0109877024739038,-0.0954500534713897,0.0932064460033224,0.263188650318122,0.237188652173819,0.283820708312145,0.458043731964956,0.421518753891915,0.518196925743902,0.457880640877611,0.421360430711098,0.518030406002091
0.1,0.36,35,0,0.1,0.1,0.1,0.417414722892289,0.399777848274085,0.425514491317942,0.584679935038759,0.572335076663255,0.597308022634142,0.0335870077399492,0.0323967714593117,0.0351571666638009,0.100573593089086,0.0976724266571149,0.104049612832446,0.00996161673344665,0.00851687913672562,0.0125567927024604,0.147588246498444,0.112533884453198,0.186889397376606,9.88346563767479e-05,8.54124709420981e-05,0.000121621605774411,14.5681860839848,12.3035883021876,16.4834462674501,14.431293935709,12.1896003541844,16.3111999909507,0.931357274389889,0.918722895459931,0.939327318485987,0.930706144268492,0.917962844860723,0.938686539833353,0.265477919068012,0.15564700889024,0.347161853490109,0.00227505759441726,-0.109561607069071,0.111823506112893,0.264421226131189,0.221477356481101,0.287160118450903,0.462854945752757,0.394127889263598,0.52093189740315,0.462688101855341,0.393972757071825,0.520752700850662
0.2,0.36,35,0,0.2,0.2,0.2,0.338513661831026,0.31454718772535,0.352618325339103,0.662446401373972,0.646489289311357,0.689311495973943,0.0668906938578696,0.064283693177349,0.0700415422383055,0.20190424522604,0.193563203670537,0.208475495433991,0.0408682949420903,0.0352647967022202,0.046579750885839,0.183603354994316,0.161299658233178,0.212112568465345,0.000100868688268995,8.98645124887049e-05,0.000114066052207182,4.45835515155472,3.95459632402488,5.0438168687035,4.44719997172876,3.94484558735692,5.03190862621641,0.775702032250329,0.74709326864319,0.801734388514441,0.775139412134132,0.746468215990788,0.801265081130914,0.244942750584317,0.162190429074093,0.316140620163585,-0.0193445888396047,-0.100632024695617,0.0647200283731586,0.262922512222355,0.234203020516561,0.291335302429161,0.468814292734893,0.432952886855573,0.521301919135853,0.468655416501122,0.43278103921825,0.521153511118674
0.4,0.36,35,0,0.4,0.4,0.4,0.214946679439461,0.176976117672633,0.240370398775167,0.790778827317059,0.764772867689333,0.830459149993036,0.134067142601824,0.128199717134519,0.139930120186949,0.406194798551594,0.394043342303919,0.425435740030928,0.160052493082369,0.133253561232415,0.200418821976453,0.306527676373715,0.238173109321208,0.389361385250447,9.47782881698376e-05,8.61288522377575e-05,0.000112020281239371,1.89382772045576,1.6456783714893,2.13443667892302,1.89264789880334,1.64465927399954,2.13311458680309,0.471968865383731,0.392345534309496,0.531455373007612,0.471639706132204,0.391969071698487,0.531164956391489,0.281616605790563,0.155129696230105,0.380696381645154,0.00909082601009148,-0.0950927802732145,0.112794506099231,0.259506033244005,0.23013979634253,0.290280913051411,0.465912502857304,0.384411151093857,0.564517952713572,0.46575726526197,0.384229843026003,0.564355253446397
